{
	"assets.json": {
		"content": "internal",
		"updateAfter": 13,
		"contentURL": [
			"https://raw.githubusercontent.com/gorhill/uBlock/master/assets/assets.json",
			"assets/assets.json"
		]
	},
	"public_suffix_list.dat": {
		"content": "internal",
		"updateAfter": 19,
		"contentURL": [
			"https://publicsuffix.org/list/public_suffix_list.dat",
			"https://cdn.rawgit.com/publicsuffix/list/master/public_suffix_list.dat",
			"assets/thirdparties/publicsuffix.org/list/effective_tld_names.dat"
		]
	},
	"ublock-resources": {
		"content": "internal",
		"updateAfter": 7,
		"contentURL": [
			"https://raw.githubusercontent.com/uBlockOrigin/uAssets/master/filters/resources.txt",
			"assets/ublock/resources.txt"
		]
	},
	"ublock-filters": {
		"content": "filters",
		"group": "default",
		"title": "uBlock filters",
		"contentURL": [
			"https://raw.githubusercontent.com/uBlockOrigin/uAssets/master/filters/filters.txt",
			"assets/ublock/filters.txt"
		],
		"supportURL": "https://github.com/uBlockOrigin/uAssets/issues"
	},
	"ublock-badware": {
		"content": "filters",
		"group": "default",
		"title": "uBlock filters – Badware risks",
		"contentURL": [
			"https://raw.githubusercontent.com/uBlockOrigin/uAssets/master/filters/badware.txt",
			"assets/ublock/badware.txt"
		],
		"supportURL": "https://github.com/gorhill/uBlock/wiki/Badware-risks",
		"instructionURL": "https://github.com/gorhill/uBlock/wiki/Badware-risks"
	},
	"ublock-experimental": {
		"content": "filters",
		"group": "default",
		"title": "uBlock filters – Experimental",
		"off": true,
		"contentURL": [
			"https://raw.githubusercontent.com/uBlockOrigin/uAssets/master/filters/experimental.txt",
			"assets/ublock/experimental.txt"
		],
		"supportURL": "https://github.com/gorhill/uBlock/wiki/Experimental-filters",
		"instructionURL": "https://github.com/gorhill/uBlock/wiki/Experimental-filters"
	},
	"ublock-privacy": {
		"content": "filters",
		"group": "default",
		"title": "uBlock filters – Privacy",
		"contentURL": [
			"https://raw.githubusercontent.com/uBlockOrigin/uAssets/master/filters/privacy.txt",
			"assets/ublock/privacy.txt"
		]
	},
	"ublock-abuse": {
		"content": "filters",
		"group": "default",
		"title": "uBlock filters – Resource abuse",
		"contentURL": [
			"https://raw.githubusercontent.com/uBlockOrigin/uAssets/master/filters/resource-abuse.txt",
			"assets/ublock/resource-abuse.txt"
		]
	},
	"ublock-annoyances": {
		"content": "filters",
		"group": "default",
		"title": "uBlock filters – Annoyances",
		"off": true,
		"contentURL": "https://raw.githubusercontent.com/uBlockOrigin/uAssets/master/filters/annoyances.txt"
	},
	"ublock-unbreak": {
		"content": "filters",
		"group": "default",
		"title": "uBlock filters – Unbreak",
		"contentURL": [
			"https://raw.githubusercontent.com/uBlockOrigin/uAssets/master/filters/unbreak.txt",
			"assets/ublock/unbreak.txt"
		]
	},
	"awrl-0": {
		"content": "filters",
		"group": "ads",
		"off": true,
		"title": "Adblock Warning Removal List",
		"contentURL": "https://easylist-downloads.adblockplus.org/antiadblockfilters.txt",
		"supportURL": "https://forums.lanik.us/"
	},
	"adguard-generic": {
		"content": "filters",
		"group": "ads",
		"off": true,
		"title": "Adguard Base Filters",
		"contentURL": "https://filters.adtidy.org/extension/ublock/filters/2_without_easylist.txt",
		"supportURL": "https://github.com/AdguardTeam/AdguardFilters#adguard-filters",
		"instructionURL": "https://kb.adguard.com/en/general/adguard-ad-filters"
	},
	"adguard-mobile": {
		"content": "filters",
		"group": "ads",
		"off": true,
		"title": "Adguard Mobile Filters",
		"ua": "mobile",
		"contentURL": "https://filters.adtidy.org/extension/ublock/filters/11.txt",
		"supportURL": "https://github.com/AdguardTeam/AdguardFilters#adguard-filters",
		"instructionURL": "https://kb.adguard.com/en/general/adguard-ad-filters"
	},
	"easylist": {
		"content": "filters",
		"group": "ads",
		"title": "EasyList",
		"contentURL": [
			"https://easylist.to/easylist/easylist.txt",
			"https://secure.fanboy.co.nz/easylist.txt",
			"https://easylist-downloads.adblockplus.org/easylist.txt",
			"https://raw.githubusercontent.com/uBlockOrigin/uAssets/master/thirdparties/easylist-downloads.adblockplus.org/easylist.txt",
			"assets/thirdparties/easylist-downloads.adblockplus.org/easylist.txt"
		],
		"supportURL": "https://forums.lanik.us/"
	},
	"adguard-spyware": {
		"content": "filters",
		"group": "privacy",
		"off": true,
		"title": "Adguard Spyware Filters",
		"contentURL": "https://filters.adtidy.org/extension/ublock/filters/3.txt",
		"supportURL": "https://github.com/AdguardTeam/AdguardFilters#adguard-filters",
		"instructionURL": "https://kb.adguard.com/en/general/adguard-ad-filters"
	},
	"easyprivacy": {
		"content": "filters",
		"group": "privacy",
		"title": "EasyPrivacy",
		"contentURL": [
			"https://easylist.to/easylist/easyprivacy.txt",
			"https://secure.fanboy.co.nz/easyprivacy.txt",
			"https://easylist-downloads.adblockplus.org/easyprivacy.txt",
			"https://raw.githubusercontent.com/uBlockOrigin/uAssets/master/thirdparties/easylist-downloads.adblockplus.org/easyprivacy.txt",
			"assets/thirdparties/easylist-downloads.adblockplus.org/easyprivacy.txt"
		],
		"supportURL": "https://forums.lanik.us/"
	},
	"fanboy-enhanced": {
		"content": "filters",
		"group": "privacy",
		"off": true,
		"title": "Fanboy’s Enhanced Tracking List",
		"contentURL": "https://www.fanboy.co.nz/enhancedstats.txt",
		"supportURL": "https://github.com/ryanbr/fanboy-adblock/issues"
	},
	"disconnect-malvertising": {
		"content": "filters",
		"group": "malware",
		"off": true,
		"title": "Malvertising filter list by Disconnect",
		"contentURL": "https://s3.amazonaws.com/lists.disconnect.me/simple_malvertising.txt"
	},
	"malware-0": {
		"content": "filters",
		"group": "malware",
		"title": "Malware Domain List",
		"contentURL": [
			"https://cdn.rawgit.com/NanoMeow/MDLMirror/master/hosts.txt",
			"https://raw.githubusercontent.com/NanoMeow/MDLMirror/master/hosts.txt",
			"https://www.malwaredomainlist.com/hostslist/hosts.txt",
			"https://cdn.rawgit.com/NanoMeow/MDLMirror/master/filter.txt",
			"https://raw.githubusercontent.com/NanoMeow/MDLMirror/master/filter.txt",
			"assets/thirdparties/www.malwaredomainlist.com/hostslist/hosts.txt"
		]
	},
	"malware-1": {
		"content": "filters",
		"group": "malware",
		"title": "Malware domains",
		"contentURL": [
			"https://mirror.cedia.org.ec/malwaredomains/justdomains",
			"https://mirror1.malwaredomains.com/files/justdomains",
			"assets/thirdparties/mirror1.malwaredomains.com/files/justdomains.txt",
			"assets/thirdparties/mirror1.malwaredomains.com/files/justdomains"
		],
		"supportURL": "https://www.malwaredomains.com/"
	},
	"spam404-0": {
		"content": "filters",
		"group": "malware",
		"off": true,
		"title": "Spam404",
		"contentURL": "https://raw.githubusercontent.com/Dawsey21/Lists/master/adblock-list.txt",
		"supportURL": "http://www.spam404.com/"
	},
	"adguard-annoyance": {
		"content": "filters",
		"group": "social",
		"off": true,
		"title": "Adguard’s Annoyance List",
		"contentURL": "https://filters.adtidy.org/extension/ublock/filters/14.txt",
		"supportURL": "https://github.com/AdguardTeam/AdguardFilters#adguard-filters",
		"instructionURL": "https://kb.adguard.com/en/general/adguard-ad-filters"
	},
	"fanboy-thirdparty_social": {
		"content": "filters",
		"group": "social",
		"off": true,
		"title": "Fanboy’s Anti-Thirdparty Social (see warning inside list)",
		"contentURL": "https://fanboy.co.nz/fanboy-antifacebook.txt",
		"supportURL": "https://github.com/ryanbr/fanboy-adblock/issues"
	},
	"fanboy-annoyance": {
		"content": "filters",
		"group": "social",
		"off": true,
		"title": "Fanboy’s Annoyance List",
		"contentURL": [
			"https://easylist.to/easylist/fanboy-annoyance.txt",
			"https://fanboy.co.nz/fanboy-annoyance.txt",
			"https://easylist-downloads.adblockplus.org/fanboy-annoyance.txt"
		],
		"supportURL": "https://forums.lanik.us/"
	},
	"fanboy-cookiemonster": {
		"content": "filters",
		"group": "social",
		"off": true,
		"title": "Fanboy’s Cookiemonster List",
		"contentURL": "https://secure.fanboy.co.nz/fanboy-cookiemonster.txt",
		"supportURL": "https://github.com/ryanbr/fanboy-adblock/issues"
	},
	"fanboy-social": {
		"content": "filters",
		"group": "social",
		"off": true,
		"title": "Fanboy’s Social Blocking List",
		"contentURL": [
			"https://easylist.to/easylist/fanboy-social.txt",
			"https://fanboy.co.nz/fanboy-social.txt",
			"https://easylist-downloads.adblockplus.org/fanboy-social.txt"
		],
		"supportURL": "https://forums.lanik.us/"
	},
	"dpollock-0": {
		"content": "filters",
		"group": "multipurpose",
		"updateAfter": 11,
		"off": true,
		"title": "Dan Pollock’s hosts file",
		"contentURL": "https://someonewhocares.org/hosts/hosts",
		"supportURL": "https://someonewhocares.org/hosts/"
	},
	"hphosts": {
		"content": "filters",
		"group": "multipurpose",
		"updateAfter": 11,
		"off": true,
		"title": "hpHosts’ Ad and tracking servers",
		"contentURL": [
			"https://hosts-file.net/.%5Cad_servers.txt",
			"http://hosts-file.net/.%5Cad_servers.txt"
		],
		"supportURL": "https://hosts-file.net/"
	},
	"mvps-0": {
		"content": "filters",
		"group": "multipurpose",
		"updateAfter": 11,
		"off": true,
		"title": "MVPS HOSTS",
		"contentURL": "http://winhelp2002.mvps.org/hosts.txt",
		"supportURL": "http://winhelp2002.mvps.org/"
	},
	"plowe-0": {
		"content": "filters",
		"group": "multipurpose",
		"updateAfter": 13,
		"title": "Peter Lowe’s Ad and tracking server list",
		"contentURL": [
			"https://pgl.yoyo.org/adservers/serverlist.php?hostformat=hosts&showintro=1&mimetype=plaintext",
			"assets/thirdparties/pgl.yoyo.org/as/serverlist.txt",
			"assets/thirdparties/pgl.yoyo.org/as/serverlist"
		],
		"supportURL": "https://pgl.yoyo.org/adservers/"
	},
	"ara-0": {
		"content": "filters",
		"group": "regions",
		"off": true,
		"title": "ara: Liste AR",
		"lang": "ar",
		"contentURL": "https://easylist-downloads.adblockplus.org/Liste_AR.txt",
		"supportURL": "https://forums.lanik.us/viewforum.php?f=98"
	},
	"BGR-0": {
		"content": "filters",
		"group": "regions",
		"off": true,
		"title": "BGR: Bulgarian Adblock list",
		"lang": "bg",
		"contentURL": "https://stanev.org/abp/adblock_bg.txt",
		"supportURL": "https://stanev.org/abp/"
	},
	"CHN-0": {
		"content": "filters",
		"group": "regions",
		"off": true,
		"title": "CHN: EasyList China (中文)",
		"lang": "zh",
		"contentURL": "https://easylist-downloads.adblockplus.org/easylistchina.txt",
		"supportURL": "http://abpchina.org/forum/forum.php"
	},
	"CHN-1": {
		"content": "filters",
		"group": "regions",
		"off": true,
		"title": "CHN: CJX's EasyList Lite",
		"lang": "zh",
		"contentURL": "https://raw.githubusercontent.com/cjx82630/cjxlist/master/cjxlist.txt",
		"supportURL": "https://github.com/cjx82630/cjxlist",
		"instructionURL": "http://abpchina.org/forum/forum.php?mod=viewthread&tid=29667"
	},
	"CZE-0": {
		"content": "filters",
		"group": "regions",
		"off": true,
		"title": "CZE, SVK: EasyList Czech and Slovak",
		"lang": "cs sk",
		"contentURL": "https://raw.githubusercontent.com/tomasko126/easylistczechandslovak/master/filters.txt",
		"supportURL": "https://github.com/tomasko126/easylistczechandslovak"
	},
	"DEU-0": {
		"content": "filters",
		"group": "regions",
		"off": true,
		"title": "DEU: EasyList Germany",
		"lang": "de",
		"contentURL": [
			"https://easylist.to/easylistgermany/easylistgermany.txt",
			"https://easylist-downloads.adblockplus.org/easylistgermany.txt"
		],
		"supportURL": "https://forums.lanik.us/viewforum.php?f=90"
	},
	"DNK-0": {
		"content": "filters",
		"group": "regions",
		"off": true,
		"title": "DNK: Schacks Adblock Plus liste",
		"lang": "da",
		"contentURL": "https://adblock.dk/block.csv",
		"supportURL": "https://henrik.schack.dk/adblock/"
	},
	"EST-0": {
		"content": "filters",
		"group": "regions",
		"off": true,
		"title": "EST: Eesti saitidele kohandatud filter",
		"lang": "et",
		"contentURL": "https://adblock.ee/list.php",
		"supportURL": "https://adblock.ee/"
	},
	"FIN-0": {
		"content": "filters",
		"group": "regions",
		"off": true,
		"title": "FIN: Finnish Addition to Easylist",
		"lang": "fi",
		"contentURL": "https://adb.juvander.net/Finland_adb.txt",
		"supportURL": "https://www.juvander.fi/AdblockFinland"
	},
	"FRA-0": {
		"content": "filters",
		"group": "regions",
		"off": true,
		"title": "FRA: EasyList Liste FR",
		"lang": "ar fr",
		"contentURL": "https://easylist-downloads.adblockplus.org/liste_fr.txt",
		"supportURL": "https://forums.lanik.us/viewforum.php?f=91"
	},
	"GRC-0": {
		"content": "filters",
		"group": "regions",
		"off": true,
		"title": "GRC: Greek AdBlock Filter",
		"lang": "el",
		"contentURL": "https://www.void.gr/kargig/void-gr-filters.txt",
		"supportURL": "https://github.com/kargig/greek-adblockplus-filter"
	},
	"HUN-0": {
		"content": "filters",
		"group": "regions",
		"off": true,
		"title": "HUN: hufilter",
		"lang": "hu",
		"contentURL": "https://raw.githubusercontent.com/szpeter80/hufilter/master/hufilter.txt",
		"supportURL": "https://github.com/szpeter80/hufilter"
	},
	"IDN-0": {
		"content": "filters",
		"group": "regions",
		"off": true,
		"title": "IDN: ABPindo",
		"lang": "id",
		"contentURL": [
			"https://raw.githubusercontent.com/ABPindo/indonesianadblockrules/master/subscriptions/abpindo.txt",
			"https://raw.githubusercontent.com/heradhis/indonesianadblockrules/master/subscriptions/abpindo.txt"
		],
		"supportURL": "https://github.com/ABPindo/indonesianadblockrules"
	},
	"IRN-0": {
		"content": "filters",
		"group": "regions",
		"off": true,
		"title": "IRN: Adblock-Iran",
		"lang": "fa",
		"contentURL": "https://cdn.rawgit.com/farrokhi/adblock-iran/master/filter.txt",
		"supportURL": "https://github.com/farrokhi/adblock-iran"
	},
	"ISL-0": {
		"content": "filters",
		"group": "regions",
		"off": true,
		"title": "ISL: Icelandic ABP List",
		"lang": "is",
		"contentURL": "https://adblock.gardar.net/is.abp.txt",
		"supportURL": "https://adblock.gardar.net/"
	},
	"ISR-0": {
		"content": "filters",
		"group": "regions",
		"off": true,
		"title": "ISR: EasyList Hebrew",
		"lang": "he",
		"contentURL": "https://raw.githubusercontent.com/easylist/EasyListHebrew/master/EasyListHebrew.txt",
		"supportURL": "https://github.com/easylist/EasyListHebrew"
	},
	"ITA-0": {
		"content": "filters",
		"group": "regions",
		"off": true,
		"title": "ITA: EasyList Italy",
		"lang": "it",
		"contentURL": "https://easylist-downloads.adblockplus.org/easylistitaly.txt",
		"supportURL": "https://forums.lanik.us/viewforum.php?f=96"
	},
	"ITA-1": {
		"content": "filters",
		"group": "regions",
		"off": true,
		"title": "ITA: ABP X Files",
		"contentURL": "https://raw.githubusercontent.com/gioxx/xfiles/master/filtri.txt",
		"supportURL": "https://xfiles.noads.it/"
	},
	"JPN-0": {
		"content": "filters",
		"group": "regions",
		"off": true,
		"title": "JPN: ABP Japanese filters (日本用フィルタ)",
		"lang": "ja",
		"contentURL": "https://raw.githubusercontent.com/k2jp/abp-japanese-filters/master/abpjf.txt",
		"supportURL": "https://github.com/k2jp/abp-japanese-filters/wiki/Support_Policy"
	},
	"JPN-1": {
		"content": "filters",
		"group": "regions",
		"off": true,
		"title": "JPN: Adguard Japan Filter",
		"lang": "ja",
		"contentURL": "https://filters.adtidy.org/extension/ublock/filters/7.txt",
		"supportURL": "https://github.com/AdguardTeam/AdguardFilters#adguard-filters",
		"instructionURL": "https://kb.adguard.com/en/general/adguard-ad-filters"
	},
	"KOR-0": {
		"content": "filters",
		"group": "regions",
		"off": true,
		"title": "KOR: Korean Adblock List",
		"lang": "ko",
		"contentURL": "https://raw.githubusercontent.com/gfmaster/adblock-korea-contrib/master/filter.txt",
		"supportURL": "https://github.com/gfmaster/adblock-korea-contrib"
	},
	"KOR-1": {
		"content": "filters",
		"group": "regions",
		"off": true,
		"title": "KOR: YousList",
		"lang": "ko",
		"contentURL": "https://raw.githubusercontent.com/yous/YousList/master/youslist.txt",
		"supportURL": "https://github.com/yous/YousList"
	},
	"LTU-0": {
		"content": "filters",
		"group": "regions",
		"off": true,
		"title": "LTU: EasyList Lithuania",
		"lang": "lt",
		"contentURL": "https://margevicius.lt/easylistlithuania.txt",
		"supportURL": "https://margevicius.lt/2014/06/26/easylist_lithuania/"
	},
	"LVA-0": {
		"content": "filters",
		"group": "regions",
		"off": true,
		"title": "LVA: Latvian List",
		"lang": "lv",
		"contentURL": "https://notabug.org/latvian-list/adblock-latvian/raw/master/lists/latvian-list.txt",
		"supportURL": "https://notabug.org/latvian-list/adblock-latvian"
	},
	"NLD-0": {
		"content": "filters",
		"group": "regions",
		"off": true,
		"title": "NLD: EasyList Dutch",
		"lang": "nl",
		"contentURL": "https://easylist-downloads.adblockplus.org/easylistdutch.txt",
		"supportURL": "https://forums.lanik.us/viewforum.php?f=100"
	},
	"NOR-0": {
		"content": "filters",
		"group": "regions",
		"off": true,
		"title": "NOR: Dandelion Sprouts norske filtre",
		"lang": "nb",
		"contentURL": "https://raw.githubusercontent.com/DandelionSprout/adfilt/master/NorwegianList.txt",
		"supportURL": "https://github.com/DandelionSprout/adfilt"
	},
	"POL-0": {
		"content": "filters",
		"group": "regions",
		"off": true,
		"title": "POL: polskie filtry do Adblocka i uBlocka",
		"lang": "pl",
		"contentURL": "https://raw.githubusercontent.com/MajkiIT/polish-ads-filter/master/polish-adblock-filters/adblock.txt",
		"supportURL": "https://github.com/MajkiIT/polish-ads-filter/issues",
		"instructionURL": "https://github.com/MajkiIT/polish-ads-filter#polish-filters-for-adblock-ublock-origin--adguard"
	},
	"ROU-1": {
		"content": "filters",
		"group": "regions",
		"off": true,
		"title": "ROU: Romanian Ad (ROad) Block List Light",
		"lang": "ro",
		"contentURL": [
			"https://road.adblock.ro/lista.txt",
			"https://raw.githubusercontent.com/tcptomato/ROad-Block/master/road-block-filters-light.txt"
		],
		"supportURL": "https://github.com/tcptomato/ROad-Block"
	},
	"RUS-0": {
		"content": "filters",
		"group": "regions",
		"off": true,
		"title": "RUS: RU AdList",
		"lang": "be ru uk",
		"contentURL": "https://easylist-downloads.adblockplus.org/advblock+cssfixes.txt",
		"supportURL": "https://forums.lanik.us/viewforum.php?f=102",
		"instructionURL": "https://forums.lanik.us/viewtopic.php?f=102&t=22512"
	},
	"RUS-2": {
		"content": "filters",
		"group": "regions",
		"off": true,
		"title": "RUS: Adguard Russian Filter",
		"lang": "be ru uk",
		"contentURL": "https://filters.adtidy.org/extension/ublock/filters/1.txt",
		"supportURL": "https://forum.adguard.com/forumdisplay.php?69-%D0%A4%D0%B8%D0%BB%D1%8C%D1%82%D1%80%D1%8B-Adguard",
		"instructionURL": "https://kb.adguard.com/ru/general/adguard-ad-filters#russian"
	},
	"spa-0": {
		"content": "filters",
		"group": "regions",
		"off": true,
		"title": "spa: EasyList Spanish",
		"lang": "es",
		"contentURL": "https://easylist-downloads.adblockplus.org/easylistspanish.txt",
		"supportURL": "https://forums.lanik.us/viewforum.php?f=103"
	},
	"spa-1": {
		"content": "filters",
		"group": "regions",
		"off": true,
		"title": "spa, por: Adguard Spanish/Portuguese",
		"lang": "es pt",
		"contentURL": "https://filters.adtidy.org/extension/ublock/filters/9.txt",
		"supportURL": "https://github.com/AdguardTeam/AdguardFilters#adguard-filters",
		"instructionURL": "https://kb.adguard.com/en/general/adguard-ad-filters"
	},
	"SVN-0": {
		"content": "filters",
		"group": "regions",
		"off": true,
		"title": "SVN: Slovenian List",
		"lang": "sl",
		"contentURL": "https://raw.githubusercontent.com/betterwebleon/slovenian-list/master/filters.txt",
		"supportURL": "https://github.com/betterwebleon/slovenian-list"
	},
	"SWE-1": {
		"content": "filters",
		"group": "regions",
		"off": true,
		"title": "SWE: Frellwit's Swedish Filter",
		"lang": "sv",
		"contentURL": "https://raw.githubusercontent.com/lassekongo83/Frellwits-filter-lists/master/Frellwits-Swedish-Filter.txt",
		"supportURL": "https://github.com/lassekongo83/Frellwits-filter-lists"
	},
	"THA-0": {
		"content": "filters",
		"group": "regions",
		"off": true,
		"title": "THA: EasyList Thailand",
		"lang": "th",
		"contentURL": "https://raw.githubusercontent.com/easylist-thailand/easylist-thailand/master/subscription/easylist-thailand.txt",
		"supportURL": "https://github.com/easylist-thailand/easylist-thailand"
	},
	"TUR-0": {
		"content": "filters",
		"group": "regions",
		"off": true,
		"title": "TUR: Adguard Turkish Filter",
		"lang": "tr",
		"contentURL": "https://filters.adtidy.org/extension/ublock/filters/13.txt",
		"supportURL": "https://github.com/AdguardTeam/AdguardFilters#adguard-filters",
		"instructionURL": "https://kb.adguard.com/en/general/adguard-ad-filters"
	},
	"VIE-1": {
		"content": "filters",
		"group": "regions",
		"off": true,
		"title": "VIE: ABPVN List",
		"lang": "vi",
		"contentURL": "https://raw.githubusercontent.com/abpvn/abpvn/master/filter/abpvn.txt",
		"supportURL": "https://abpvn.com/"
	}
}
